病名コード,ICD10,疾病名
8848439,M0001,ＭＲＳＡ肩関節炎
8847832,M0002,ＭＲＳＡ肘関節炎
8847556,M0005,ぶどう球菌性股関節炎
8847072,M0005,ＭＲＳＡ股関節炎
8847557,M0006,ぶどう球菌性膝関節炎
8847073,M0006,ＭＲＳＡ膝関節炎
8839825,M0009,ぶどう球菌性関節炎
8830115,M0009,ＭＲＳＡ関節炎
8838797,M0019,肺炎球菌性関節炎
8847448,M0025,Ｂ群溶連菌性化膿性股関節炎
8841187,M0029,連鎖球菌性関節炎
8830714,M0089,インフルエンザ菌性関節炎
8842142,M0091,化膿性関節炎・肩関節
8848849,M0091,化膿性関節炎・胸鎖関節
8842143,M0092,化膿性関節炎・肘関節
8842144,M0093,化膿性関節炎・手関節
8842145,M0094,化膿性関節炎・指関節
8848850,M0095,化膿性関節炎・仙腸関節
8842146,M0095,化膿性関節炎・股関節
8842147,M0096,化膿性関節炎・膝関節
8842148,M0097,化膿性関節炎・足関節
8842149,M0097,化膿性関節炎・趾関節
7110005,M0099,化膿性関節炎
8831619,M0099,感染性関節炎
8831606,M0099,関節膿瘍
8836032,M0219,赤痢後関節障害
8840859,M0229,予防接種後関節障害
8850317,M0239,反応性関節炎
8839025,M0299,反応性関節障害
8839621,M0500,フェルティー症候群
8831446,M0510,カプラン症候群
8840951,M0510,リウマチ性肺疾患
8847737,M0510,関節リウマチ性間質性肺炎
8849490,M0520,リウマトイド血管炎
8847586,M0530,リウマチ性胸膜炎
8851495,M0530,リウマチ性髄膜炎
7148003,M0530,悪性関節リウマチ
8842100,M0530,関節リウマチ性ミオパチー
8842101,M0530,関節リウマチ性心炎
8842102,M0530,関節リウマチ性心筋炎
8842103,M0530,関節リウマチ性心膜炎
8850165,M0580,血清反応陽性関節リウマチ・合併症なし
8850163,M0581,血清反応陽性関節リウマチ・肩関節・合併症なし
8850175,M0582,血清反応陽性関節リウマチ・肘関節・合併症なし
8850172,M0583,血清反応陽性関節リウマチ・手関節・合併症なし
8850169,M0584,血清反応陽性関節リウマチ・指関節・合併症なし
8850168,M0585,血清反応陽性関節リウマチ・股関節・合併症なし
8850171,M0586,血清反応陽性関節リウマチ・膝関節・合併症なし
8850174,M0587,血清反応陽性関節リウマチ・足関節・合併症なし
8850170,M0587,血清反応陽性関節リウマチ・趾関節・合併症なし
8850166,M0588,血清反応陽性関節リウマチ・胸椎・合併症なし
8850173,M0588,血清反応陽性関節リウマチ・脊椎・合併症なし
8850176,M0588,血清反応陽性関節リウマチ・腰椎・合併症なし
8850167,M0588,血清反応陽性関節リウマチ・頚椎・合併症なし
8850164,M0588,血清反応陽性関節リウマチ・顎関節・合併症なし
8842104,M0590,血清反応陽性関節リウマチ
8849616,M0591,血清反応陽性関節リウマチ・肩関節
8849627,M0592,血清反応陽性関節リウマチ・肘関節
8849624,M0593,血清反応陽性関節リウマチ・手関節
8849621,M0594,血清反応陽性関節リウマチ・指関節
8849620,M0595,血清反応陽性関節リウマチ・股関節
8849623,M0596,血清反応陽性関節リウマチ・膝関節
8849626,M0597,血清反応陽性関節リウマチ・足関節
8849622,M0597,血清反応陽性関節リウマチ・趾関節
8849618,M0598,血清反応陽性関節リウマチ・胸椎
8849625,M0598,血清反応陽性関節リウマチ・脊椎
8849628,M0598,血清反応陽性関節リウマチ・腰椎
8849619,M0598,血清反応陽性関節リウマチ・頚椎
8849617,M0598,血清反応陽性関節リウマチ・顎関節
8842105,M0600,血清反応陰性関節リウマチ
8844120,M0600,ＲＳ３ＰＥ症候群
8849603,M0601,血清反応陰性関節リウマチ・肩関節
8849614,M0602,血清反応陰性関節リウマチ・肘関節
8849611,M0603,血清反応陰性関節リウマチ・手関節
8849608,M0604,血清反応陰性関節リウマチ・指関節
8849607,M0605,血清反応陰性関節リウマチ・股関節
8849610,M0606,血清反応陰性関節リウマチ・膝関節
8849613,M0607,血清反応陰性関節リウマチ・足関節
8849609,M0607,血清反応陰性関節リウマチ・趾関節
8849605,M0608,血清反応陰性関節リウマチ・胸椎
8849612,M0608,血清反応陰性関節リウマチ・脊椎
8849615,M0608,血清反応陰性関節リウマチ・腰椎
8849606,M0608,血清反応陰性関節リウマチ・頚椎
8849604,M0608,血清反応陰性関節リウマチ・顎関節
8851429,M0610,成人発症スチル病
8840934,M0620,リウマチ性滑液包炎
8840952,M0630,リウマチ性皮下結節
8830913,M0640,炎症性多発性関節障害
8845190,M0680,ムチランス変形
8850357,M0680,リウマチ様関節炎・合併症なし
8850266,M0680,多発性リウマチ性関節炎・合併症なし
8850132,M0680,関節リウマチ・合併症なし
8850130,M0681,関節リウマチ・肩関節・合併症なし
8850142,M0682,関節リウマチ・肘関節・合併症なし
8850139,M0683,関節リウマチ・手関節・合併症なし
8845158,M0684,尺側偏位
8850136,M0684,関節リウマチ・指関節・合併症なし
8850135,M0685,関節リウマチ・股関節・合併症なし
8850138,M0686,関節リウマチ・膝関節・合併症なし
8850141,M0687,関節リウマチ・足関節・合併症なし
8850137,M0687,関節リウマチ・趾関節・合併症なし
8850133,M0688,関節リウマチ・胸椎・合併症なし
8850140,M0688,関節リウマチ・脊椎・合併症なし
8850143,M0688,関節リウマチ・腰椎・合併症なし
8850134,M0688,関節リウマチ・頚椎・合併症なし
8850131,M0688,関節リウマチ・顎関節・合併症なし
7140010,M0690,リウマチ様関節炎
7140016,M0690,多発性リウマチ性関節炎
8842106,M0690,関節リウマチ
8842152,M0691,関節リウマチ・肩関節
8842153,M0692,関節リウマチ・肘関節
8842136,M0693,関節リウマチ・手関節
8842137,M0694,関節リウマチ・指関節
8842140,M0695,関節リウマチ・股関節
8842138,M0696,関節リウマチ・膝関節
8842139,M0697,関節リウマチ・足関節
8842141,M0697,関節リウマチ・趾関節
8844635,M0698,関節リウマチ・胸椎
8844637,M0698,関節リウマチ・脊椎
8844638,M0698,関節リウマチ・腰椎
8844636,M0698,関節リウマチ・頚椎
8846107,M0698,関節リウマチ・顎関節
8844742,M0800,若年性特発性関節炎
8848920,M0800,若年性特発性関節炎・多関節
7143002,M0800,若年性関節リウマチ
8848913,M0801,若年性特発性関節炎・肩関節
8848921,M0802,若年性特発性関節炎・肘関節
8848918,M0803,若年性特発性関節炎・手関節
8848915,M0804,若年性特発性関節炎・指関節
8848914,M0805,若年性特発性関節炎・股関節
8848917,M0806,若年性特発性関節炎・膝関節
8848919,M0807,若年性特発性関節炎・足関節
8848916,M0807,若年性特発性関節炎・趾関節
8835248,M0810,若年性強直性脊椎炎
7143001,M0820,スチル病
8845133,M0820,全身型若年性特発性関節炎
8848936,M0820,全身型若年性特発性関節炎・多関節
8848929,M0821,全身型若年性特発性関節炎・肩関節
8848937,M0822,全身型若年性特発性関節炎・肘関節
8848934,M0823,全身型若年性特発性関節炎・手関節
8848931,M0824,全身型若年性特発性関節炎・指関節
8848930,M0825,全身型若年性特発性関節炎・股関節
8848933,M0826,全身型若年性特発性関節炎・膝関節
8848935,M0827,全身型若年性特発性関節炎・足関節
8848932,M0827,全身型若年性特発性関節炎・趾関節
8835257,M0830,若年性多発性関節炎
8834691,M084,少関節型若年性関節炎
8848906,M0840,少関節型若年性関節炎・多関節
8848899,M0841,少関節型若年性関節炎・肩関節
8848907,M0842,少関節型若年性関節炎・肘関節
8848904,M0843,少関節型若年性関節炎・手関節
8848901,M0844,少関節型若年性関節炎・指関節
8848900,M0845,少関節型若年性関節炎・股関節
8848903,M0846,少関節型若年性関節炎・膝関節
8848905,M0847,少関節型若年性関節炎・足関節
8848902,M0847,少関節型若年性関節炎・趾関節
8845118,M088,関節型若年性特発性関節炎
8848858,M0880,関節型若年性特発性関節炎・多関節
8848851,M0881,関節型若年性特発性関節炎・肩関節
8848859,M0882,関節型若年性特発性関節炎・肘関節
8848856,M0883,関節型若年性特発性関節炎・手関節
8848853,M0884,関節型若年性特発性関節炎・指関節
8848852,M0885,関節型若年性特発性関節炎・股関節
8848855,M0886,関節型若年性特発性関節炎・膝関節
8848857,M0887,関節型若年性特発性関節炎・足関節
8848854,M0887,関節型若年性特発性関節炎・趾関節
8835247,M0890,若年性関節炎
8850265,M1000,多発性痛風
8850267,M1000,多発痛風結節
2740005,M1001,肩関節痛風
8850278,M1002,肘痛風結節
8850276,M1002,肘関節痛風
8850199,M1003,手関節痛風
8850200,M1003,手関節痛風結節
8850202,M1004,手指痛風
8850203,M1004,手指痛風結節
8850198,M1006,膝痛風結節
8850196,M1006,膝関節痛風
8850331,M1007,母趾痛風
8850257,M1007,足関節痛風
8850258,M1007,足関節痛風結節
8850193,M1007,趾痛風
8850194,M1007,趾痛風結節
8850213,M1008,耳介痛風結節
2749004,M1009,痛風
8837837,M1009,痛風発作
2748002,M1009,痛風結節
2741001,M1009,痛風腎
8850281,M1009,痛風関節炎
8838347,M1019,鉛痛風
2749013,M1029,薬剤性痛風
2749012,M1049,続発性痛風
8838870,M1109,ハイドロオキシアパタイト沈着症
8831285,M1119,家族性軟骨石灰化症
8844942,M1121,肩関節偽痛風
8845013,M1122,肘関節偽痛風
8844978,M1123,手関節偽痛風
8844969,M1125,股関節偽痛風
8844976,M1126,膝関節偽痛風
8845002,M1127,足関節偽痛風
8850636,M1128,クラウンデンス症候群
8844959,M1128,頚椎偽痛風
8844947,M1128,顎関節偽痛風
8841335,M1129,ピロリン酸カルシウム結晶沈着症
8832761,M1129,偽痛風
8838358,M1129,軟骨石灰化症
8833104,M1199,結晶性関節症
8840955,M1200,リウマチ熱後慢性関節障害
8831236,M1219,カシン・ベック病
8846045,M1226,膝色素性絨毛結節性滑膜炎
8834197,M1229,色素性絨毛結節性滑膜炎
7193001,M1239,回帰性リウマチ
8831502,M1249,間欠性関節水腫
8831724,M1259,外傷性関節障害
8830517,M1289,一過性関節症
7165005,M1300,多発性関節炎
7262016,M1311,肩鎖関節炎
7262006,M1311,肩関節炎
7169011,M1311,胸鎖関節炎
7166017,M1312,肘関節炎
7169022,M1313,手関節炎
7166007,M1314,手指関節炎
7169054,M1314,ＤＩＰ関節炎
7169001,M1314,ＩＰ関節炎
7169055,M1314,ＭＰ関節炎
7169058,M1314,ＰＩＰ関節炎
7166012,M1315,恥骨結合炎
7166019,M1315,股関節炎
7166014,M1316,膝関節炎
7166001,M1317,ショパール関節炎
7166002,M1317,リスフラン関節炎
7169026,M1317,足関節炎
8834179,M1317,趾関節炎
7267013,M1317,距踵関節炎
8843046,M1318,胸肋関節炎
8837123,M1319,単純性関節炎
7166010,M1319,単関節炎
7162001,M1389,アレルギー性関節炎
8833655,M1389,後発性関節炎
8830174,M1399,亜急性関節炎
7169043,M1399,増殖性関節炎
7169049,M1399,急性関節炎
8840315,M1399,慢性関節炎
7169005,M1399,関節炎
7198003,M1399,非特異性関節炎
8836530,M150,全身性変形性関節症
8833308,M150,原発性全身性関節症
8839957,M151,ヘバーデン結節
8839819,M152,ブシャール結節
8836838,M153,続発性多発性関節症
8839562,M154,びらん性関節症
8839928,M158,ヘーガース結節
7165002,M159,多発性関節症
8850097,M160,両側性原発性変形性股関節症
8841046,M160,両側性原発性股関節症
8849869,M161,一側性原発性変形性股関節症
8830546,M161,一側性原発性股関節症
8849947,M161,原発性変形性股関節症
8833304,M161,原発性股関節症
8846556,M161,急速破壊型股関節症
8850096,M162,両側性形成不全性変形性股関節症
8841045,M162,両側性形成不全性股関節症
8849868,M163,一側性形成不全性変形性股関節症
8830545,M163,一側性形成不全性股関節症
8849937,M163,形成不全性変形性股関節症
8832938,M163,形成不全性股関節症
8850093,M164,両側性外傷後変形性股関節症
8841042,M164,両側性外傷後股関節症
8849866,M165,一側性外傷後変形性股関節症
8830541,M165,一側性外傷後股関節症
8849907,M165,外傷後変形性股関節症
8831711,M165,外傷後股関節症
8849913,M165,外傷性変形性股関節症
8845243,M165,外傷性股関節症
8833725,M165,股関節亜脱臼二次性変股症
8850099,M166,両側性続発性変形性股関節症
8841056,M166,両側性続発性股関節症
8849870,M167,一側性続発性変形性股関節症
8830553,M167,一側性続発性股関節症
7543013,M167,先天性股関節脱臼治療後亜脱臼
8850042,M167,続発性変形性股関節症
8836827,M167,続発性股関節症
7151003,M169,変形性股関節症
7152006,M169,老年性股関節症
7169014,M169,股関節症
8841047,M170,両側性原発性膝関節症
8850102,M170,両側性変形性膝関節症
8830547,M171,一側性原発性膝関節症
8849872,M171,一側性変形性膝関節症
8833315,M171,原発性膝関節症
7153018,M171,変形性膝関節症
8850094,M172,両側性外傷後変形性膝関節症
8841043,M172,両側性外傷後膝関節症
8849867,M173,一側性外傷後変形性膝関節症
8830542,M173,一側性外傷後膝関節症
8849908,M173,外傷後変形性膝関節症
8831716,M173,外傷後膝関節症
8849914,M173,外傷性変形性膝関節症
8845244,M173,外傷性膝関節症
8850100,M174,両側性続発性変形性膝関節症
8841057,M174,両側性続発性膝関節症
8849871,M175,一側性続発性変形性膝関節症
8830554,M175,一側性続発性膝関節症
8850043,M175,続発性変形性膝関節症
8836841,M175,続発性膝関節症
8850089,M179,変形性膝関節症・詳細不明
7169033,M179,膝関節症
8850098,M180,両側性原発性母指ＣＭ関節変形性関節症
8841048,M180,両側性原発性母指ＣＭ関節症
8849953,M181,原発性母指ＣＭ関節変形性関節症
8833319,M181,原発性母指ＣＭ関節症
8850095,M182,両側性外傷性母指ＣＭ関節変形性関節症
8841044,M182,両側性外傷性母指ＣＭ関節症
8849920,M183,外傷性母指ＣＭ関節変形性関節症
8831779,M183,外傷性母指ＣＭ関節症
8850101,M184,両側性続発性母指ＣＭ関節変形性関節症
8841058,M184,両側性続発性母指ＣＭ関節症
8850049,M185,続発性母指ＣＭ関節変形性関節症
8836847,M185,続発性母指ＣＭ関節症
7362027,M189,母指ＣＭ関節変形性関節症
8840155,M189,母指ＣＭ関節症
8849946,M1901,原発性変形性肩鎖関節症
8849944,M1901,原発性変形性肩関節症
8849945,M1901,原発性変形性胸鎖関節症
8849939,M1901,原発性肩関節症
8849950,M1902,原発性変形性肘関節症
8849943,M1902,原発性肘関節症
8849948,M1903,原発性変形性手関節症
8849940,M1903,原発性手関節症
8849882,M1903,遠位橈尺関節原発性変形性関節症
8849951,M1904,原発性変形性中手関節症
8849941,M1904,原発性手指関節症
8849979,M1904,手指原発性変形性関節症
8849853,M1904,ＣＭ関節原発性変形性関節症
8849856,M1904,ＤＩＰ関節原発性変形性関節症
8849862,M1904,ＰＩＰ関節原発性変形性関節症
8849952,M1907,原発性変形性リスフラン関節症
8849949,M1907,原発性変形性足関節症
8849942,M1907,原発性足関節症
7151001,M1909,原発性変形性関節症
8833299,M1909,原発性関節症
8849912,M1911,外傷性変形性肩鎖関節症
8849909,M1911,外傷性変形性肩関節症
8849911,M1911,外傷性変形性胸鎖関節症
8845241,M1911,外傷性肩関節症
8849917,M1912,外傷性変形性肘関節症
8847600,M1912,外傷性肘関節症
8849915,M1913,外傷性変形性手関節症
8847599,M1913,外傷性手関節症
8849881,M1913,遠位橈尺関節外傷性変形性関節症
8849918,M1914,外傷性変形性中手関節症
8849978,M1914,手指外傷性変形性関節症
8849852,M1914,ＣＭ関節外傷性変形性関節症
8849855,M1914,ＤＩＰ関節外傷性変形性関節症
8849861,M1914,ＰＩＰ関節外傷性変形性関節症
8849919,M1917,外傷性変形性リスフラン関節症
8849916,M1917,外傷性変形性足関節症
8845245,M1917,外傷性足関節症
8849910,M1919,外傷性変形性関節症
7161002,M1919,外傷性関節症
8850041,M1921,続発性変形性肩鎖関節症
8850039,M1921,続発性変形性肩関節症
8850040,M1921,続発性変形性胸鎖関節症
8850035,M1921,続発性肩関節症
8851067,M1921,腱板断裂性肩関節症
8850046,M1922,続発性変形性肘関節症
8850038,M1922,続発性肘関節症
8850044,M1923,続発性変形性手関節症
8850036,M1923,続発性手関節症
8849883,M1923,遠位橈尺関節続発性変形性関節症
8849980,M1924,手指続発性変形性関節症
8850047,M1924,続発性変形性中手関節症
8849854,M1924,ＣＭ関節続発性変形性関節症
8849857,M1924,ＤＩＰ関節続発性変形性関節症
8849863,M1924,ＰＩＰ関節続発性変形性関節症
8850048,M1927,続発性変形性リスフラン関節症
8850045,M1927,続発性変形性足関節症
8850037,M1927,続発性足関節症
7159019,M1929,二次性変形性関節症
7169044,M1929,続発性関節症
8844918,M1991,変形性肩鎖関節症
7153011,M1991,変形性肩関節症
8844917,M1991,変形性胸鎖関節症
7262009,M1991,肩関節症
7153020,M1992,変形性肘関節症
7169035,M1992,肘関節症
8844919,M1993,変形性手関節症
7199004,M1993,手関節症
8844836,M1993,遠位橈尺関節変形性関節症
7153017,M1994,変形性中手関節症
8844878,M1994,手指変形性関節症
7199005,M1994,手根関節症
7169036,M1994,母指関節症
7362028,M1994,ＣＭ関節変形性関節症
7153001,M1994,ＤＩＰ関節変形性関節症
7362001,M1994,ＰＩＰ関節変形性関節症
7168005,M1995,仙腸関節症
8850090,M1997,変形性リスフラン関節症
7153015,M1997,変形性足関節症
7168006,M1997,足関節症
7169040,M1997,趾関節症
7169041,M1997,踵関節症
7159004,M1999,変形性関節症
7159014,M1999,老人性関節炎
7169007,M1999,関節症
7362029,M200,スワンネック変形
7362002,M200,ボタンホール変形
7361003,M200,マレット指
7361011,M200,中指マレット指
7362016,M200,中指変形
8846011,M200,中指腱性マレット指
8846012,M200,中指骨性マレット指
7361008,M200,小指マレット指
8845949,M200,小指腱性マレット指
8845950,M200,小指骨性マレット指
7362013,M200,手指変形
7286003,M200,手指拘縮
8846058,M200,母指マレット指
7362019,M200,母指変形
8846056,M200,母指腱性マレット指
8846057,M200,母指骨性マレット指
7361005,M200,環指マレット指
7362004,M200,環指変形
8845873,M200,環指腱性マレット指
8845874,M200,環指骨性マレット指
7361006,M200,示指マレット指
7362012,M200,示指変形
8845956,M200,示指腱性マレット指
8845957,M200,示指骨性マレット指
8845903,M200,腱性マレット指
8845928,M200,骨性マレット指
8839106,M201,バニオン
7350002,M201,外反母趾
8832503,M202,強剛母趾
7351001,M203,後天性内反母趾
8847887,M203,槌状母趾
8847899,M204,ハンマートウ
8837839,M204,槌趾症
8843445,M205,内反小趾
8834275,M205,趾拘縮
8847844,M205,鉤爪趾
8831750,M206,外傷性趾変形
7360003,M2102,外反肘
7363001,M2105,外反股
7364007,M2106,外反膝
7546004,M2107,外反扁平足
7546001,M2107,外反足
7360007,M2112,内反肘
8847095,M2112,後天性上腕骨内反症
7556026,M2115,内反股
7364011,M2116,内反膝
8838331,M2119,内反変形
8832801,M2129,屈曲変形
3448007,M2137,下垂足
7349007,M2147,扁平足
8849482,M2147,有痛性扁平足
8845148,M2147,開張足
8831773,M2157,外傷性内反足
8832936,M2157,痙性内反足
8840278,M2157,麻痺性内反足
8840275,M2157,麻痺性尖足
8846308,M2167,前足部変形
8849254,M2167,回内足
7367008,M2167,足部変形
7368002,M2179,下肢短縮萎縮
8846125,M2179,後天性脚長不等
8840857,M2181,翼状肩甲症
7555048,M2181,翼状肩甲骨
7338027,M2185,大腿骨骨頭変形
8846245,M2186,下腿外捻症
7365002,M2186,反張膝
7360005,M2194,手変形
7362006,M2195,股関節変形
7369001,M2199,下肢変形
7369007,M2199,有痛性拘縮
8848779,M220,反復性膝蓋骨脱臼
8834532,M220,習慣性膝蓋骨脱臼
8848778,M221,反復性膝蓋骨亜脱臼
8834531,M221,習慣性膝蓋骨亜脱臼
8834428,M222,膝蓋大腿関節症
8851089,M222,膝蓋大腿関節障害
8846285,M223,膝蓋骨不安定症
7177003,M224,膝蓋軟骨軟化症
8834424,M229,膝蓋骨の障害
8842036,M2303,内側半月のう腫
8842035,M2306,外側半月のう腫
8838995,M2309,半月のう腫
8842038,M2313,円板状内側半月板
8842037,M2316,円板状外側半月板
7175002,M2319,円板状半月板
8846020,M2323,陳旧性内側半月板損傷
8846019,M2326,陳旧性外側半月板損傷
8837814,M2329,陳旧性バケツ柄状断裂
8851013,M2332,内側半月板後根断裂
8842040,M2333,内側半月板変性
8847134,M2333,内側半月板嵌頓
8842042,M2333,剥離内側半月
7180015,M2333,半月板ロッキング
8842044,M2333,膝内側半月板石灰化症
8842041,M2336,剥離外側半月
8842039,M2336,外側半月板変性
8847080,M2336,外側半月板嵌頓
8842043,M2336,膝外側半月板石灰化症
8838937,M2339,剥離半月
8838998,M2339,半月板変性
7198008,M2339,膝半月板石灰化症
8830433,M2339,遺残半月
8839238,M2349,膝関節内遊離体
8847792,M2351,陳旧性前十字靱帯損傷
8847791,M2352,陳旧性後十字靱帯損傷
8849118,M2359,膝関節不安定症
8839107,M2389,ばね膝
8839243,M2389,膝靱帯弛緩
8842046,M2393,内側半月板障害
8842045,M2396,外側半月板障害
7180003,M2399,半月板障害
7179006,M2399,膝内障
8844842,M2401,肩関節内遊離体
8839275,M2402,肘関節内遊離体
8844876,M2403,手関節内遊離体
8844871,M2405,股関節内遊離体
8844893,M2407,足関節内遊離体
7181003,M2409,関節内遊離体
8848408,M2416,膝関節外傷性軟骨欠損症
8848409,M2416,膝関節軟骨欠損症
8831604,M2419,関節軟骨障害
8849151,M2427,足関節不安定症
8835619,M2429,靱帯弛緩
8835620,M2429,靱帯障害
7248015,M2429,靱帯骨化症
7182001,M2435,股関節病的脱臼
8840270,M2435,麻痺性股関節脱臼
7182002,M2439,病的関節脱臼
8848776,M2441,反復性肩関節前方脱臼
8847135,M2441,反復性肩関節脱臼
8834528,M2441,習慣性肩関節前方脱臼
8834529,M2441,習慣性肩関節脱臼
8848780,M2442,反復性肘関節脱臼
8848777,M2445,反復性股関節脱臼
7183004,M2445,習慣性股関節脱臼
7183008,M2449,反復性脱臼
7183013,M2449,習慣性脱臼
7183014,M2449,随意性脱臼
7184044,M2450,多発性拘縮
7184006,M2451,肩関節拘縮
7184034,M2452,肘関節拘縮
7184021,M2453,前腕回内拘縮
7184045,M2453,前腕回外拘縮
7184014,M2453,手関節拘縮
8844295,M2454,中指屈曲拘縮
8844227,M2454,小指屈曲拘縮
8832802,M2454,屈指症
8844222,M2454,手指伸展拘縮
8844221,M2454,手指関節拘縮
8844326,M2454,母指屈曲拘縮
8844145,M2454,環指屈曲拘縮
8844211,M2454,示指屈曲拘縮
7184009,M2455,股関節拘縮
8844215,M2456,膝関節伸展拘縮
8844214,M2456,膝関節屈曲拘縮
7184029,M2456,膝関節拘縮
8843309,M2457,屈趾症
7184022,M2457,足関節拘縮
8847075,M2457,趾関節拘縮
8831211,M2459,下肢拘縮
7184039,M2459,伸展拘縮
7184043,M2459,内旋拘縮
7184041,M2459,内転拘縮
7282015,M2459,四肢拘縮症
7184042,M2459,外旋拘縮
7184040,M2459,外転拘縮
7184005,M2459,屈曲拘縮
7184004,M2459,関節拘縮
7185018,M2460,多発性関節強直
7185024,M2462,肘関節強直
7185015,M2463,手関節強直
8834583,M2464,手指関節強直
7185008,M2465,股関節強直
7185021,M2466,膝関節強直
8846282,M2466,骨性強直膝
7185016,M2467,足関節強直
8834180,M2467,趾関節強直
7185003,M2469,関節不全強直
7185002,M2469,関節強直
8846281,M2469,骨性強直
8833752,M2475,股臼底突出症
8844786,M2481,陳旧性肩鎖関節脱臼
8848613,M2482,弾発肘
7185029,M2484,ＭＰ関節ロッキング
7196014,M2485,弾発股
7188011,M2489,関節あつれき音
7188010,M2489,関節ロッキング
7183012,M2489,陳旧性脱臼
7189009,M2492,小児肘内障
7188008,M2492,肘内障
8842240,M2495,股関節内障
7189005,M2499,関節内障
9241024,M2506,膝関節血症
8831595,M2509,関節血症
8849089,M2520,関節弛緩症
7188004,M2521,動揺肩
7284001,M2521,肩関節弛緩症
8845024,M2524,動揺手指関節
7188005,M2527,動揺足関節
7188003,M2529,動揺関節
8849091,M2531,外傷性肩関節不安定症
7285008,M2531,肩関節不安定症
8849191,M2531,非外傷性肩関節不安定症
8849172,M2532,肘関節不安定症
8849075,M2533,遠位橈尺関節不安定症
8849120,M2534,手根不安定症
8849205,M2534,母指ＣＭ関節不安定症
8849206,M2534,母指ＭＰ関節不安定症
7190012,M2542,肘関節水腫
7190013,M2546,膝関節水症
7190006,M2547,足関節腫脹
8831600,M2549,関節水腫
7165003,M2550,多発性関節痛
7295009,M2551,肩甲部痛
7339113,M2551,肩甲骨痛
7233001,M2551,肩部痛
7262018,M2551,肩鎖関節痛
8831339,M2551,肩関節痛症
8844851,M2551,胸鎖関節痛
7295060,M2551,腋窩部痛
8839269,M2552,肘関節痛
8837890,M2553,手関節痛
7194024,M2554,中指関節痛
7194015,M2554,手指関節痛
7194029,M2554,母指ＭＰ関節痛
7194001,M2554,ＭＰ関節痛
7194018,M2555,仙腸関節痛
7194010,M2555,股関節痛
7194003,M2556,下腿関節痛
7295053,M2556,膝窩部痛
8839237,M2556,膝関節痛
7194030,M2557,母趾関節痛
7194034,M2557,足関節痛
7194033,M2557,趾関節痛
7166004,M2559,下肢関節痛
7194005,M2559,関節痛
8833820,M2579,骨棘
8844546,M2582,肘関節異所性骨化
8848761,M2582,陳旧性肘関節内側側副靱帯損傷
8848760,M2582,陳旧性肘関節外側側副靱帯損傷
8848762,M2582,陳旧性肘関節捻挫
7184016,M2584,手指こわばり
8848763,M2584,陳旧性中指側副靱帯損傷
8848754,M2584,陳旧性小指側副靱帯損傷
8848980,M2584,陳旧性手指捻挫
8848764,M2584,陳旧性母指側副靱帯損傷
8848752,M2584,陳旧性環指側副靱帯損傷
8848756,M2584,陳旧性示指側副靱帯損傷
8847954,M2585,股関節インピンジメント症候群
8844440,M2585,股関節異所性骨化
8844447,M2586,膝関節異所性骨化
8848979,M2586,陳旧性膝関節内側側副靱帯損傷
8848078,M2587,足関節インピンジメント症候群
8848080,M2587,足関節前方インピンジメント症候群
8848079,M2587,足関節後方インピンジメント症候群
8848757,M2587,陳旧性前距腓靱帯損傷
8848753,M2587,陳旧性後距腓靱帯損傷
8848758,M2587,陳旧性足関節外側靱帯損傷
8848759,M2587,陳旧性足関節捻挫
8848755,M2587,陳旧性踵腓靱帯損傷
8848751,M2587,陳旧性遠位脛腓靱帯損傷
8832803,M2589,屈伸困難
7199006,M2594,手指機能障害
7196005,M2595,股関節開排制限
7199008,M2596,膝関節障害
8831596,M2599,関節硬直
7199002,M2599,関節運動障害
8833125,M300,結節性多発動脈炎
8848338,M301,好酸球性多発血管炎性肉芽腫症
8835258,M302,若年性多発性動脈炎
8846336,M303,不全型川崎病
4461003,M303,川崎病
8831474,M303,川崎病による虚血性心疾患
4461004,M303,川崎病性冠動脈瘤
4461009,M303,急性熱性皮膚リンパ節症候群
8837016,M308,多発性血管炎重複症候群
8849445,M308,皮膚動脈炎
8846209,M308,皮膚結節性多発動脈炎
4462001,M310,グッドパスチャー症候群
8851019,M310,皮膚白血球破砕性血管炎
8844108,M310,薬剤誘発性過敏性血管炎
4462002,M310,過敏性血管炎
8847881,M311,先天性血栓性血小板減少性紫斑病
8849965,M311,後天性血栓性血小板減少性紫斑病
8833136,M311,血栓性微小血管症
4466002,M311,血栓性血小板減少性紫斑病
4609006,M312,壊疽性鼻炎
8848371,M313,全身型多発血管炎性肉芽腫症
8848381,M313,多発血管炎性肉芽腫症
8848382,M313,多発血管炎性肉芽腫症性呼吸器障害
8848336,M313,限局型多発血管炎性肉芽腫症
4467003,M314,大動脈炎症候群
8848380,M314,高安動脈炎
4465001,M316,巨細胞動脈炎
8842086,M317,顕微鏡的多発血管炎
8849413,M318,低補体血症性蕁麻疹様血管炎
8845513,M318,ＡＮＣＡ関連血管炎
4460015,M319,壊死性血管炎
4460017,M319,多発性血管炎
7100031,M320,薬剤誘発性ループス
8840979,M321,リブマン・ザックス心内膜炎
8844341,M321,ループス肺炎
8844339,M321,ループス胸膜炎
7100007,M321,ループス腎炎
8844340,M321,ループス腸炎
8850360,M321,ループス腹膜炎
8844342,M321,ループス膀胱炎
8844080,M321,中枢神経ループス
8841438,M321,全身性エリテマトーデス性ミオパチー
8836513,M321,全身性エリテマトーデス性呼吸器障害
8836515,M321,全身性エリテマトーデス性心膜炎
8836516,M321,全身性エリテマトーデス性脳動脈炎
8848278,M321,全身性エリテマトーデス性間質性肺炎
8836518,M321,全身性エリテマトーデス脊髄炎
8836519,M321,全身性エリテマトーデス脳炎
8836520,M321,全身性エリテマトーデス脳脊髄炎
8830137,M321,ＳＬＥ眼底
8846167,M329,ステロイド抵抗性全身性エリテマトーデス
7100011,M329,全身性エリテマトーデス
8842174,M329,顔面播種状粟粒性狼瘡
8835260,M330,若年性皮膚筋炎
8848267,M330,若年性皮膚筋炎性間質性肺炎
8851525,M331,抗ＭＤＡ５抗体陽性皮膚筋炎
8851526,M331,抗ＭＤＡ５抗体陽性皮膚筋炎性間質性肺炎
8848307,M331,無筋症性皮膚筋炎
7103007,M331,皮膚筋炎
8839362,M331,皮膚筋炎性呼吸器障害
8848302,M331,皮膚筋炎性間質性肺炎
7104004,M332,多発性筋炎
8837013,M332,多発性筋炎性呼吸器障害
8848283,M332,多発性筋炎性間質性肺炎
8851687,M340,びまん皮膚硬化型全身性強皮症
7101012,M340,全身性強皮症
8851606,M340,限局皮膚硬化型全身性強皮症
8832845,M341,クレスト症候群
8837541,M348,チビエルジュ・ワイゼンバッハ症候群
8844510,M348,全身性強皮症性呼吸器障害
8841439,M348,強皮症性ミオパチー
8846114,M348,強皮症腎
8846115,M348,強皮症腎クリーゼ
7101001,M349,強皮症
7102001,M350,シェーグレン症候群
8841440,M350,シェーグレン症候群ミオパチー
8834158,M350,シェーグレン症候群性呼吸器障害
8848230,M350,一次性シェーグレン症候群
8848298,M350,二次性シェーグレン症候群
8841317,M351,オーバーラップ症候群
8850417,M351,抗ＡＲＳ抗体症候群
7109008,M351,混合性結合組織病
8848245,M351,膠原病性間質性肺炎
1361002,M352,ベーチェット病
8846052,M352,不全型ベーチェット病
1361010,M352,口腔ベーチェット病
1361011,M352,外陰ベーチェット病
8851050,M352,完全型ベーチェット病
8845881,M352,眼ベーチェット病
1361005,M352,神経ベーチェット病
8842203,M352,腸管ベーチェット病
1361009,M352,血管ベーチェット病
7250004,M353,リウマチ性多発筋痛
8839540,M354,びまん性好酸球性筋膜炎
7294009,M354,好酸球性筋膜炎
8836987,M355,多巣性線維性硬化症
7108005,M355,肢端硬化症
8830767,M356,ウェーバ・クリスチャン病
8831279,M357,家族性靱帯弛緩症
7285007,M357,運動過多症候群
7101038,M358,好酸球増加・筋痛症候群
8836526,M359,全身性自己免疫疾患
7109004,M359,膠原病
8833428,M359,膠原病に伴う貧血
4239017,M359,膠原病性心膜炎
8848113,M359,ＩｇＧ４関連疾患
8834356,M4009,姿勢性脊柱後弯症
8849983,M4015,症候性胸腰椎後弯
8848872,M4022,頚椎後弯
8848865,M4024,胸椎後弯
8848867,M4025,胸腰椎後弯
7379015,M4026,腰椎後弯
7371001,M4029,円背
7385005,M4029,老人性円背
7371003,M4029,脊柱後弯
8839940,M4039,平背症候群
8834357,M4049,姿勢性脊柱前弯症
8833582,M4049,後天性脊柱前弯症
7379016,M4056,腰椎前弯
7372003,M4059,脊柱前弯
8838432,M4109,乳児特発性脊柱側弯症
8835259,M4119,若年性特発性脊柱側弯症
7373009,M4124,特発性胸椎側弯症
8847889,M4125,特発性胸腰椎側弯症
7373010,M4126,特発性腰椎側弯症
7373011,M4129,特発性側弯症
8832481,M4139,胸郭原性脊柱側弯症
7373018,M4149,筋性脊柱側弯症
8840276,M4149,麻痺性側弯症
8848346,M4154,症候性胸椎側弯症
8848347,M4155,症候性胸腰椎側弯症
8848349,M4156,症候性腰椎側弯症
8848348,M4159,症候性側弯症
8842021,M4186,変性側弯症
8839292,M4189,ヒステリー性側弯症
8838061,M4189,疼痛性側弯症
8832551,M4194,胸椎側弯症
8847853,M4195,胸腰椎側弯症
7373003,M4196,腰椎側弯症
8834358,M4199,姿勢性脊柱側弯症
7373019,M4199,習慣性脊柱側弯症
7373006,M4199,脊柱側弯症
7372005,M4199,脊柱前側弯症
8842019,M4199,脊柱後側弯症
8835249,M4209,若年性後弯症
8835256,M4209,若年性脊椎骨軟骨症
8835887,M4219,成人脊椎骨軟骨症
7329036,M4292,頚椎骨軟骨症
8836015,M4299,脊椎骨軟骨症
8844703,M4302,頚椎分離症
8844830,M4306,腰椎分離症
8836026,M4309,脊椎分離症
7210020,M4312,頚椎すべり症
8844168,M4312,頚椎分離すべり症
8844169,M4312,頚椎変性すべり症
8844166,M4312,頚椎後方すべり症
7561016,M4316,腰椎すべり症
7561026,M4316,腰椎分離すべり症
8844333,M4316,腰椎変性すべり症
7561022,M4316,腰椎後方すべり症
8844291,M4317,第５腰椎すべり症
7384012,M4319,脊椎すべり症
7384011,M4319,脊椎分離すべり症
8844275,M4319,脊椎変性すべり症
7384015,M4319,脊椎後方すべり症
7249004,M4321,環椎後頭骨癒合
7185010,M4322,項部強直
8846269,M4322,頚椎椎間関節骨性強直
7238007,M4322,頚椎癒合症
7218002,M4324,胸椎癒合椎
7561044,M4329,癒合椎
8836009,M4329,脊椎関節強直
8847061,M4342,非外傷性環軸関節亜脱臼
8831554,M4361,環軸関節回旋位固定
7235006,M4362,斜頚
7235002,M4362,炎症性斜頚
7235008,M4362,習慣性斜頚
7235013,M4362,骨性斜頚
8849232,M4380,老人性角状後弯
8849081,M4380,角状後弯
7239017,M4392,頚椎変形
7383003,M4394,胸椎弯曲症
7372006,M4396,腰椎弯曲症
7379006,M4399,脊柱弯曲症
8840956,M45-0,リウマトイド脊椎炎
8832542,M45-4,強直性脊椎炎性呼吸器障害
7200001,M45-9,強直性脊椎炎
8832544,M45-9,強直脊椎炎性虹彩毛様体炎
7166008,M4618,仙腸関節炎
8848558,M4621,軸椎骨髄炎
8832953,M4622,頚椎骨髄炎
8832547,M4624,胸椎骨髄炎
8840816,M4626,腰椎骨髄炎
8836102,M4628,仙骨部膿瘍
8851289,M4628,仙骨骨髄炎
8839458,M4628,尾骨骨髄炎
8836014,M4629,脊椎骨髄炎
8847091,M4632,頚椎化膿性椎間板炎
8847090,M4633,頚胸椎化膿性椎間板炎
8847085,M4634,胸椎化膿性椎間板炎
8847088,M4635,胸腰椎化膿性椎間板炎
8847141,M4636,腰椎化膿性椎間板炎
8847140,M4637,腰仙部化膿性椎間板炎
8831415,M4639,化膿性椎間板炎
8832965,M4642,頚椎椎間板炎
8832554,M4644,胸椎椎間板炎
8840822,M4646,腰椎椎間板炎
7229021,M4649,椎間板炎
8846268,M4652,頚椎化膿性脊椎炎
8846253,M4654,胸椎化膿性脊椎炎
7209005,M4656,腰椎化膿性脊椎炎
7209002,M4659,化膿性脊椎炎
8850264,M4680,体軸性脊椎関節炎
8850332,M4680,末梢性脊椎関節炎
8850249,M4690,脊椎関節炎
7210013,M4692,頚椎炎
7209003,M4694,胸椎炎
7209004,M4696,腰椎炎
7209008,M4699,脊椎周囲炎
7209007,M4699,脊椎炎
8837824,M4702,椎骨動脈圧迫症候群
8836540,M4709,前脊髄動脈圧迫症候群
7211012,M4712,頚椎症性脊髄症
8848198,M4714,胸椎症性脊髄症
8848229,M4716,腰椎症性脊髄症
8841445,M4719,脊椎症性ミエロパチー
7211011,M4722,頚椎症性神経根症
7210011,M4782,変形性頚椎症
7210015,M4782,頚椎症
7212004,M4784,変形性胸椎症
7212002,M4784,胸椎症
7213016,M4786,変形性腰椎症
7242014,M4786,腰椎症
8842622,M4789,破壊性脊椎関節症
7219009,M4799,変形性脊椎炎
7219011,M4799,変形性脊椎症
7219004,M4799,脊椎症
7219003,M4799,脊椎関節症
7249020,M4800,広範脊柱管狭窄症
7230004,M4802,頚部脊柱管狭窄症
7240002,M4804,胸部脊柱管狭窄症
7240012,M4806,腰部脊柱管狭窄症
8836094,M4808,仙骨狭窄症
7240011,M4809,脊柱管狭窄症
8850570,M4819,びまん性特発性骨増殖症
8832543,M4819,強直性脊椎骨増殖症
8832674,M4829,棘突起接触症
8831761,M4839,外傷性脊椎症
8836024,M4849,脊椎疲労骨折
8830256,M4859,圧潰脊椎
8845307,M4881,軸椎歯突起後方偽腫瘍
8844413,M4882,頚椎前縦靱帯骨化症
7237009,M4882,頚椎後縦靱帯骨化症
8846575,M4882,頚椎椎間関節のう腫
7237014,M4882,頚椎黄色靱帯石灰化症
7238009,M4882,頚椎黄色靱帯骨化症
8844405,M4884,胸椎前縦靱帯骨化症
7237003,M4884,胸椎後縦靱帯骨化症
8850151,M4884,胸椎黄色靱帯石灰化症
7237002,M4884,胸椎黄色靱帯骨化症
8850155,M4885,胸腰椎後縦靱帯骨化症
8850154,M4885,胸腰椎黄色靱帯骨化症
7248007,M4886,腰椎後縦靱帯骨化症
8846978,M4886,腰椎椎間関節のう腫
8850344,M4886,腰椎黄色靱帯石灰化症
8846065,M4886,腰椎黄色靱帯骨化症
7248012,M4889,前縦靱帯骨化症
8833497,M4889,後縦靱帯骨化症
7339046,M4889,脊椎萎縮
7245008,M4889,脊椎過敏症
7248018,M4889,黄色靱帯石灰化症
7248001,M4889,黄色靱帯骨化症
7241002,M4894,胸椎障害
7219001,M4899,脊椎疾患
8836017,M4899,脊椎障害
8849294,M500,頚椎椎間板ヘルニアによる脊髄症
8849292,M500,頚椎椎間板症性脊髄症
8849293,M501,頚椎椎間板ヘルニアによる神経根症
8849291,M501,頚椎椎間板症性神経根症
7220002,M502,頚椎椎間板ヘルニア
8833009,M503,頚部椎間板変性症
7229026,M509,頚椎椎間板症
8849274,M510,胸椎椎間板ヘルニアによる脊髄症
8849272,M510,胸椎椎間板症性脊髄症
8849487,M510,腰部椎間板ヘルニアによる脊髄症
8849485,M510,腰部椎間板症性脊髄症
8849273,M511,胸椎椎間板ヘルニアによる神経根症
8849271,M511,胸椎椎間板症性神経根症
7243004,M511,腰椎坐骨神経痛
8849486,M511,腰部椎間板ヘルニアによる神経根症
8849484,M511,腰部椎間板症性神経根症
7222002,M512,椎間板ヘルニア
8837819,M512,椎間板ヘルニア性腰痛症
7221017,M512,第４・５腰椎椎間板ヘルニア
7221002,M512,胸椎椎間板ヘルニア
7221006,M512,腰仙部椎間板ヘルニア
7221010,M512,腰椎椎間板ヘルニア
8849412,M513,椎間板変性症
7225031,M513,第４・５腰椎椎間板変性
7225032,M513,第４腰椎椎間板変性
7225034,M513,第５腰椎第１仙椎間椎間板変性
7225003,M513,胸椎椎間板変性
8843102,M513,腰椎椎間板変性症
8834662,M514,シュモール結節
8840818,M514,腰椎シュモール結節
7226002,M518,椎間板変形
7229022,M519,椎間板症
7225002,M519,胸椎椎間板症
7225006,M519,腰仙椎間板障害
7213006,M519,腰椎椎間板症
8842164,M5302,バレー・リュー症候群
8832929,M5302,頚頭蓋症候群
7233009,M5312,頚肩腕症候群
7233010,M5312,頚肩腕障害
7239008,M5322,頚椎不安定症
8844952,M5324,胸椎不安定症
7249006,M5326,腰椎不安定症
7249010,M5328,仙腸関節弛緩
8836025,M5329,脊椎不安定症
7242025,M5338,仙部痛
7339120,M5338,仙骨痛
7247003,M5338,尾骨痛
7247005,M5338,尾骨部痛
7248010,M5389,脊椎硬直症
8836006,M5399,脊柱障害
7239013,M5402,頚部炎症
7292062,M5412,頚腕神経痛
7234011,M5412,頚部神経根症
8835529,M5413,上腕神経根炎
3548015,M5414,肋間神経根炎
8832602,M5414,胸部神経根炎
8840842,M5416,腰部神経根炎
8837332,M5417,大腿単神経根炎
8840807,M5417,腰仙部神経根炎
8834133,M5418,坐骨単神経根炎
7244016,M5418,坐骨神経根炎
8834939,M5419,神経根炎
3539008,M5419,脊髄神経根症
7231009,M5422,項部痛
7840033,M5422,頚性頭痛
7231019,M5422,頚部痛
7243008,M5438,坐骨神経痛
7242023,M5446,根性腰痛症
7243005,M5446,腰痛坐骨神経痛症候群
8831421,M5456,下背部ストレイン
8832458,M5456,急性腰痛症
7242031,M5456,慢性腰痛症
7242032,M5456,殿部痛
8841447,M5456,筋筋膜性腰痛症
7248008,M5456,腰殿部痛
8840829,M5456,腰痛症
8840836,M5456,腰腹痛
7294011,M5456,腰部筋筋膜炎
7241003,M5464,胸椎部痛
7231016,M5480,頚背部痛
7241006,M5485,胸背部痛
7194017,M5489,脊椎関節痛
7248014,M5495,背部圧迫感
7245015,M5495,背部痛
7245009,M5499,脊椎痛
7280001,M6009,化膿性筋炎
7280002,M6009,感染性筋炎
7288010,M6009,筋膿瘍
8831540,M6019,間質性筋炎
8842216,M6029,異物肉芽腫
7291038,M6082,上腕過労性筋炎
7291070,M6089,疲労性筋炎
7294007,M6091,肩甲部筋筋膜炎
7294005,M6091,肩筋筋膜炎
7291010,M6091,胸鎖乳突筋炎
7289021,M6092,上腕三頭筋筋炎
7289022,M6092,上腕二頭筋筋炎
7291040,M6092,上腕筋炎
7288029,M6092,上腕筋筋膜炎
7294015,M6093,前腕筋筋膜炎
7291059,M6095,大腿直筋炎
7291058,M6095,大腿筋炎
7280005,M6095,大腿部筋炎
7291088,M6095,殿筋炎
7291007,M6098,下腹部筋炎
7294014,M6098,前胸部筋筋膜炎
8842239,M6098,咬筋炎
8837265,M6098,大胸筋炎
7291064,M6098,背筋炎
7294020,M6098,背筋筋膜炎
7291060,M6098,腸腰筋炎
7291078,M6098,腹直筋炎
7291080,M6098,腹部筋炎
7291028,M6098,項部筋炎
7294010,M6098,項部筋筋膜炎
7291095,M6098,頚部筋炎
7294024,M6098,頚部筋筋膜炎
7291009,M6099,急性筋炎
7280003,M6099,筋炎
7294002,M6099,筋筋膜炎
7104008,M6099,限局性筋炎
8844540,M6105,大腿部外傷性骨化性筋炎
8831742,M6109,外傷性骨化性筋炎
8834970,M6119,進行性骨化性筋炎
8834971,M6119,進行性骨化性線維異形成症
8834322,M6129,四肢麻痺に伴う骨化性筋炎
8837834,M6129,対麻痺に伴う骨化性筋炎
8838647,M6139,熱傷性筋骨化症
8844541,M6155,大腿部骨化性筋炎
8833794,M6159,骨化性筋炎
7281014,M6199,筋肉骨化症
8832748,M6209,筋離断
7289019,M6213,尺側手根屈筋不全断裂
8845475,M6213,非外傷性尺側手根屈筋断裂
8847736,M6226,下腿コンパートメント症候群
8832742,M6229,筋の阻血性梗塞
8842840,M6229,非外傷性コンパートメント症候群
7288022,M6241,三角筋拘縮
8837356,M6245,大腿四頭筋拘縮症
7288007,M6249,筋拘縮症
7282040,M6250,全身性筋萎縮
7282022,M6251,僧帽筋部筋萎縮
7282038,M6251,肩甲上腕筋萎縮
8849465,M6254,母指球筋萎縮
8849308,M6259,サルコペニア
7282020,M6259,上肢筋萎縮
7282002,M6259,下肢筋廃用萎縮
7282001,M6259,下肢筋萎縮
7282014,M6259,四肢筋萎縮
7282042,M6259,廃用性筋萎縮
8838910,M6259,廃用症候群
7282037,M6259,特発性筋萎縮
8832718,M6259,筋萎縮症
7282036,M6259,退行性筋萎縮
7282029,M6259,非定型筋萎縮症
8832733,M6269,筋ストレイン
7298036,M6269,筋疲労
8831347,M6281,肩こり
8833385,M6288,咬筋肥大症
7288057,M6289,後天性筋緊張症
8841635,M6289,横紋筋融解
8832745,M6289,筋ヘルニア
8841359,M6289,筋強直
8846452,M6289,薬剤性横紋筋融解症
7282011,M6299,筋短縮症
8837560,M6504,中指化膿性腱鞘炎
8843070,M6504,小指化膿性腱鞘炎
8837889,M6504,手化膿性腱鞘炎
8843098,M6504,母指化膿性腱鞘炎
8843035,M6504,環指化膿性腱鞘炎
8843067,M6504,示指化膿性腱鞘炎
7278001,M6506,アキレス周囲膿瘍
7270017,M6509,化膿性腱鞘炎
8830203,M6526,アキレス腱部石灰化症
8849540,M6528,石灰沈着性頚長筋腱炎
8836035,M6529,石灰性腱炎
8839108,M6534,ばね指
8837575,M6534,中指ばね指
8834746,M6534,小指ばね指
7270093,M6534,母指ばね指
8831547,M6534,環指ばね指
8847491,M6534,示指ばね指
8846009,M6537,弾発母趾
8838240,M6543,ドゥ・ケルバン腱鞘炎
8838020,M6543,橈骨茎状突起腱鞘炎
8840163,M6544,母指狭窄性腱鞘炎
7279001,M6549,狭窄性腱鞘炎
7270101,M6586,慢性アキレス腱腱鞘炎
8840310,M6589,慢性滑膜炎症
8839331,M6589,非特異性慢性滑膜炎
8850976,M6591,肩関節滑膜炎
7261011,M6592,上腕三頭筋腱鞘炎
7270089,M6592,肘関節滑膜炎
7270059,M6593,前腕部腱鞘炎
8850998,M6593,手関節滑膜炎
7270037,M6593,手関節部腱鞘炎
8837562,M6594,中指屈筋腱腱鞘炎
8837563,M6594,中指腱鞘炎
8834722,M6594,小指屈筋腱腱鞘炎
8834723,M6594,小指腱鞘炎
7270046,M6594,手伸筋腱腱鞘炎
7270043,M6594,手屈筋腱腱鞘炎
7270119,M6594,手指腱鞘炎
8850999,M6594,手指関節滑膜炎
7270050,M6594,手部腱鞘炎
8838045,M6594,橈側手根屈筋腱鞘炎
8840164,M6594,母指屈筋腱腱鞘炎
7270099,M6594,母指腱鞘炎
8831522,M6594,環指屈筋腱腱鞘炎
8831523,M6594,環指腱鞘炎
8834301,M6594,示指屈筋腱腱鞘炎
8844741,M6594,示指腱鞘炎
8850986,M6595,股関節滑膜炎
7270002,M6596,アキレス腱腱鞘炎
7270088,M6596,膝部腱膜炎
7270086,M6596,膝関節滑膜炎
7270067,M6597,足背腱鞘炎
8836777,M6597,足部屈筋腱腱鞘炎
8851010,M6597,足関節滑膜炎
7270065,M6597,足関節部腱鞘炎
8834329,M6597,趾伸筋腱腱鞘炎
8850991,M6597,趾関節滑膜炎
7270016,M6599,下肢腱腱鞘炎
8831391,M6599,滑膜炎
7270117,M6599,漿液性滑膜炎
7270109,M6599,腱鞘炎
8834400,M6606,膝窩部のう胞破裂
8831393,M6619,滑膜のう胞破裂
8831392,M6619,滑膜断裂
8834918,M6629,伸筋腱の特発性断裂
8489019,M6659,非外傷性腱断裂
8833584,M670,後天性短アキレス腱
8831395,M672,滑膜肥厚
8830516,M673,一過性滑膜炎
8837632,M673,中毒性滑膜炎
7274003,M674,ガングリオン
7274004,M674,下腿ガングリオン
7274029,M674,前腕ガングリオン
7274025,M674,手指ガングリオン
7274027,M674,手掌部ガングリオン
7274028,M674,手背部ガングリオン
7274022,M674,手関節掌側ガングリオン
7274062,M674,手関節背側ガングリオン
7274020,M674,手関節部ガングリオン
8840161,M674,母指ガングリオン
8840160,M674,母趾ガングリオン
8831520,M674,環指ガングリオン
8834299,M674,示指ガングリオン
8837660,M674,肘部ガングリオン
7274042,M674,膝半月板ガングリオン
7274050,M674,膝窩部ガングリオン
7274044,M674,膝関節部ガングリオン
7274034,M674,足背部ガングリオン
7274030,M674,足関節ガングリオン
8842196,M674,足関節外果部ガングリオン
7274061,M674,骨内ガングリオン
7274063,M674,ＤＩＰ関節部ガングリオン
7274001,M674,ＭＰ関節部ガングリオン
8830127,M674,ＰＩＰ関節部ガングリオン
8848085,M678,中指伸筋腱癒着
8842612,M678,中指屈筋腱癒着
8848061,M678,小指伸筋腱癒着
8842589,M678,小指屈筋腱癒着
8848102,M678,母指伸筋腱癒着
8842631,M678,母指屈筋腱癒着
8842688,M678,滑膜ひだ障害
8848034,M678,環指伸筋腱癒着
8842561,M678,環指屈筋腱癒着
8848067,M678,示指伸筋腱癒着
8842585,M678,示指屈筋腱癒着
7279012,M678,総指伸筋腱脱臼
8834559,M7013,手関節滑液包炎
8837624,M7022,肘頭滑液包炎
7273038,M7032,肘関節滑液包炎
7273027,M7046,膝蓋前滑液包炎
7288062,M7056,ジャンパー膝
7266009,M7056,膝窩部滑液包炎
8834415,M7056,膝蓋下滑液のう炎
7266003,M7056,膝蓋部滑液包炎
7266002,M7056,膝関節滑液包炎
7273021,M7065,大転子部滑液包炎
8837946,M7065,転子腱炎
8834125,M7075,坐骨滑液包炎
7273012,M7075,坐骨結節部滑液包炎
7273043,M7075,股関節滑液包炎
8830226,M7107,足化膿性滑液のう炎
8831385,M7109,滑液包膿瘍
8831592,M7119,関節感染性滑液のう炎
8840021,M7126,ベーカーのう腫
8831382,M7139,滑液のう腫
8831384,M7149,滑液包石灰沈着症
7267019,M7197,足関節滑液包炎
8831383,M7199,滑液包炎
8837963,M7204,デュピュイトラン拘縮
8834616,M7204,手掌筋膜拘縮
8838340,M7213,ナックルパッド
7294017,M7227,足底筋膜炎
7270066,M7227,足底腱膜炎
8836738,M7227,足底腱膜線維腫症
8832762,M7249,偽肉腫性線維腫症
7294004,M7249,結節性筋膜炎
8846711,M7260,上肢壊死性筋膜炎
8846500,M7260,下肢壊死性筋膜炎
8846754,M7263,前腕壊死性筋膜炎
8843235,M7265,外陰部壊死性筋膜炎
8846832,M7265,大腿壊死性筋膜炎
8848293,M7265,殿部壊死性筋膜炎
8846504,M7266,下腿壊死性筋膜炎
8848281,M7267,足部壊死性筋膜炎
8841639,M7269,壊死性筋膜炎
7294016,M7281,僧帽筋疲労性筋膜炎
7294026,M7289,増殖性筋膜炎
7291072,M7289,疲労性筋膜炎
7288012,M7289,筋膜膿瘍
7291048,M7291,僧帽筋筋膜症
7294018,M7295,大腿筋筋膜症
7291081,M7298,腹部筋筋膜症
7294023,M7298,頚背筋筋膜痛
7294025,M7298,頚部筋筋膜症
7289011,M7299,筋膜炎
8836063,M7299,線維芽細胞性障害
8840776,M750,癒着性肩関節包炎
7262008,M750,肩関節周囲炎
8831028,M751,回旋腱板症候群
8832671,M751,棘上筋症候群
7261007,M752,上腕二頭筋腱炎
7261008,M752,上腕二頭筋腱鞘炎
7281011,M753,棘上筋石灰化症
8831349,M753,肩石灰性腱炎
8844383,M753,肩関節異所性骨化
8831326,M754,肩インピンジメント症候群
8831327,M755,肩滑液包炎
8845707,M758,弾発肩
7262019,M758,肩周囲炎
7262012,M758,肩甲骨周囲炎
8831332,M758,肩関節硬結性腱炎
8831330,M758,肩関節腱板炎
8845509,M759,野球肩
8837968,M7605,殿筋腱炎
8840781,M7615,腰筋腱炎
8837729,M7625,腸骨稜棘
8837712,M7635,腸脛靱帯症候群
8838315,M7646,内側側副滑液包炎
7288032,M7656,大腿四頭筋腱炎
7288038,M7656,膝蓋靱帯炎
8834420,M7656,膝蓋骨腱炎
8850621,M7666,アキレス腱付着部炎
8850622,M7666,アキレス腱付着部症
7267008,M7666,アキレス腱付着部痛
7267005,M7666,アキレス腱周囲炎
7267038,M7666,アキレス腱滑液包炎
8830198,M7666,アキレス腱炎
7267037,M7666,アキレス腱痛
8850653,M7666,踵骨後部滑液包炎
7267034,M7666,踵骨滑液包炎
8839231,M7676,腓骨腱炎
7269016,M7685,股関節周囲炎
7288060,M7685,腸脛靱帯炎
8847749,M7686,後脛骨筋腱機能不全
8847748,M7686,後脛骨筋腱炎
8832908,M7686,脛骨前筋症候群
8845769,M7686,鵞足炎
7265001,M7695,股関節部付着部症
7263008,M7702,上腕骨内側上顆炎
8838313,M7702,内側上顆炎
8840700,M7702,野球肘
7263001,M7712,テニス肘
8850467,M7712,上腕骨外側上顆炎
8831816,M7712,外側上顆炎
7264001,M7723,手関節周囲炎
8834712,M7737,踵骨棘
8837615,M7747,中足骨痛症
7267028,M7757,足底筋腱付着部炎
8830225,M7757,足滑液のう炎
7269008,M7757,足関節周囲炎
7263018,M7782,肘周囲炎
8837625,M7782,肘頭骨棘
8842237,M7799,腱付着部炎
8842238,M7799,腱付着部症
7279011,M7799,腱炎
7273009,M7799,関節包炎
7269003,M7799,関節周囲炎
7288059,M7799,靱帯炎
7290004,M7900,リウマチ性筋炎
7290018,M7908,胸骨周囲炎
7291055,M7910,多発性筋肉痛
7291092,M7910,頚肩部筋肉痛
7291049,M7911,僧帽筋痛
7291021,M7911,肩甲部筋肉痛
8833247,M7911,肩部筋痛
7291011,M7911,胸鎖乳突筋痛
8835524,M7912,上腕三頭筋痛
8835552,M7912,上腕二頭筋痛
7291039,M7912,上腕筋肉痛
7291047,M7913,前腕筋肉痛
8851345,M7914,手筋肉痛
8837285,M7915,大腿筋痛
7291062,M7915,殿部筋肉痛
8850841,M7915,鼠径部痛症候群
8831297,M7916,下腿三頭筋痛
8851219,M7916,下腿筋肉痛
8839366,M7916,腓腹筋痛
8851356,M7916,膝筋肉痛
8851192,M7917,足筋肉痛
8851293,M7918,側胸部筋肉痛
7291045,M7918,前胸部筋肉痛
7291085,M7918,肋間筋肉痛
7291068,M7918,背部筋肉痛
7248003,M7918,胸背部筋肉痛
7291012,M7918,胸腹部筋痛
7289005,M7918,胸部筋肉痛
8840783,M7918,腰筋痛症
7291032,M7918,腰背筋痛症
8839751,M7918,腹壁筋痛
7231006,M7918,項背部筋痛
7231008,M7918,項部筋肉痛
7231018,M7918,頚部筋肉痛
7291063,M7918,頭部筋肉痛
8835426,M7919,上肢筋肉痛
7291003,M7919,下肢筋肉痛
7291015,M7919,筋肉痛
7292045,M7920,多発性神経痛
7292011,M7921,肩甲上神経痛
7234007,M7922,上腕神経痛
7292040,M7923,前腕神経痛
7292026,M7924,手指神経炎
7292050,M7925,大腿神経痛
7292004,M7926,下腿神経炎
8836754,M7928,側頭部神経痛
7292048,M7928,大後頭神経痛
7292015,M7928,後頭下神経痛
3502001,M7928,後頭神経痛
7292016,M7928,後頭部神経痛
7292053,M7928,背部神経痛
7292009,M7928,胸壁神経痛
7244013,M7928,腰皮神経痛
7292057,M7928,腹壁神経痛
7292018,M7928,項部神経痛
8833004,M7928,頚部神経痛
7292052,M7928,頭部神経痛
7292030,M7929,上肢神経痛
7292003,M7929,下肢神経痛
7292022,M7929,四肢神経痛
7292064,M7929,慢性神経痛
7292073,M7929,特発性神経痛
7292032,M7929,神経炎
8834958,M7929,神経痛
8834482,M7939,脂肪織炎
8834416,M7946,膝蓋下脂肪体肥大
8845554,M7951,肩部筋肉内異物残留
8845566,M7952,上腕筋肉内異物残留
8845573,M7953,前腕筋肉内異物残留
8845561,M7954,手掌筋肉内異物残留
8845585,M7955,大腿筋肉内異物残留
8850542,M7955,殿部異物・残留
8845590,M7955,殿部筋肉内異物残留
8845525,M7956,下腿筋肉内異物残留
8850449,M7956,膝部異物・残留
8845559,M7956,膝部筋肉内異物残留
8850446,M7956,膝関節部異物・残留
8850493,M7957,足底異物・残留
8845581,M7957,足底筋肉内異物残留
8850372,M7957,足異物・残留
8845582,M7957,足部筋肉内異物残留
8845594,M7958,背部筋肉内異物残留
8845538,M7958,胸部筋肉内異物残留
8845619,M7958,腰部筋肉内異物残留
8850576,M7958,腹壁異物・残留
8850545,M7958,頭部異物・残留
8850572,M7959,伏針・残留
7296002,M7959,筋肉内異物残留
8838372,M7959,軟部組織内異物
8835547,M7962,上腕痛
8836617,M7963,前腕痛
7295045,M7964,中指痛
7295024,M7964,小指痛
7295020,M7964,手指痛
7295021,M7964,手背部痛
7295022,M7964,手部痛
7295056,M7964,母指球部痛
7295058,M7964,母指痛
7295007,M7964,環指痛
7295077,M7964,示指痛
7295041,M7965,大腿内側部痛
8837336,M7965,大腿痛
7295015,M7965,股痛
8831316,M7966,下腿痛
7295061,M7966,腓腹部痛
7295074,M7967,中足部痛
7295073,M7967,前足部痛
7295075,M7967,後足部痛
8840187,M7967,母趾痛
7295032,M7967,足底部痛
7299023,M7967,足炎
8836736,M7967,足痛
7295033,M7967,足背痛
8834411,M7967,趾痛
8831096,M7967,踵痛
8835434,M7969,上肢痛
7295003,M7969,下肢痛
7295017,M7969,四肢末端痛
7295016,M7969,四肢痛
7289014,M7979,結合織炎
8836065,M7979,線維筋痛症
8844324,M800,閉経後骨粗鬆症・病的骨折あり
8844322,M8000,閉経後骨粗鬆症・多発病的骨折あり
8850327,M8001,閉経後骨粗鬆症・鎖骨病的骨折あり
8850328,M8002,閉経後骨粗鬆症・上腕病的骨折あり
8844321,M8003,閉経後骨粗鬆症・前腕病的骨折あり
8844323,M8005,閉経後骨粗鬆症・大腿部病的骨折あり
8844319,M8005,閉経後骨粗鬆症・骨盤部病的骨折あり
8850326,M8006,閉経後骨粗鬆症・下腿部病的骨折あり
8850329,M8008,閉経後骨粗鬆症・肋骨病的骨折あり
8844320,M8008,閉経後骨粗鬆症・脊椎病的骨折あり
8844338,M801,卵巣摘出術後骨粗鬆症・病的骨折あり
8850354,M8010,卵巣摘出術後骨粗鬆症・多発病的骨折あり
8850350,M8011,卵巣摘出術後骨粗鬆症・鎖骨病的骨折あり
8850351,M8012,卵巣摘出術後骨粗鬆症・上腕病的骨折あり
8850353,M8013,卵巣摘出術後骨粗鬆症・前腕病的骨折あり
8850355,M8015,卵巣摘出術後骨粗鬆症・大腿部病的骨折あり
8850349,M8015,卵巣摘出術後骨粗鬆症・骨盤部病的骨折あり
8850348,M8016,卵巣摘出術後骨粗鬆症・下腿部病的骨折あり
8850356,M8018,卵巣摘出術後骨粗鬆症・肋骨病的骨折あり
8850352,M8018,卵巣摘出術後骨粗鬆症・脊椎病的骨折あり
8844313,M802,廃用性骨粗鬆症・病的骨折あり
8850314,M8020,廃用性骨粗鬆症・多発病的骨折あり
8850310,M8021,廃用性骨粗鬆症・鎖骨病的骨折あり
8850311,M8022,廃用性骨粗鬆症・上腕病的骨折あり
8850313,M8023,廃用性骨粗鬆症・前腕病的骨折あり
8850315,M8025,廃用性骨粗鬆症・大腿部病的骨折あり
8850309,M8025,廃用性骨粗鬆症・骨盤部病的骨折あり
8850308,M8026,廃用性骨粗鬆症・下腿部病的骨折あり
8850316,M8028,廃用性骨粗鬆症・肋骨病的骨折あり
8850312,M8028,廃用性骨粗鬆症・脊椎病的骨折あり
8844238,M803,術後吸収不良性骨粗鬆症・病的骨折あり
8850229,M8030,術後吸収不良性骨粗鬆症・多発病的骨折あり
8850225,M8031,術後吸収不良性骨粗鬆症・鎖骨病的骨折あり
8850226,M8032,術後吸収不良性骨粗鬆症・上腕病的骨折あり
8850228,M8033,術後吸収不良性骨粗鬆症・前腕病的骨折あり
8850230,M8035,術後吸収不良性骨粗鬆症・大腿部病的骨折あり
8850224,M8035,術後吸収不良性骨粗鬆症・骨盤部病的骨折あり
8850223,M8036,術後吸収不良性骨粗鬆症・下腿部病的骨折あり
8850231,M8038,術後吸収不良性骨粗鬆症・肋骨病的骨折あり
8850227,M8038,術後吸収不良性骨粗鬆症・脊椎病的骨折あり
8844272,M804,ステロイド性骨粗鬆症・病的骨折あり
8844332,M804,薬物誘発性骨粗鬆症・病的骨折あり
8850242,M8040,ステロイド性骨粗鬆症・多発病的骨折あり
8850340,M8040,薬物誘発性骨粗鬆症・多発病的骨折あり
8850238,M8041,ステロイド性骨粗鬆症・鎖骨病的骨折あり
8850336,M8041,薬物誘発性骨粗鬆症・鎖骨病的骨折あり
8850239,M8042,ステロイド性骨粗鬆症・上腕病的骨折あり
8850337,M8042,薬物誘発性骨粗鬆症・上腕病的骨折あり
8850241,M8043,ステロイド性骨粗鬆症・前腕病的骨折あり
8850339,M8043,薬物誘発性骨粗鬆症・前腕病的骨折あり
8850243,M8045,ステロイド性骨粗鬆症・大腿部病的骨折あり
8850237,M8045,ステロイド性骨粗鬆症・骨盤部病的骨折あり
8850341,M8045,薬物誘発性骨粗鬆症・大腿部病的骨折あり
8850335,M8045,薬物誘発性骨粗鬆症・骨盤部病的骨折あり
8850236,M8046,ステロイド性骨粗鬆症・下腿部病的骨折あり
8850334,M8046,薬物誘発性骨粗鬆症・下腿部病的骨折あり
8842076,M8048,ステロイド性脊椎圧迫骨折
8850244,M8048,ステロイド性骨粗鬆症・肋骨病的骨折あり
8850240,M8048,ステロイド性骨粗鬆症・脊椎病的骨折あり
8850342,M8048,薬物誘発性骨粗鬆症・肋骨病的骨折あり
8850338,M8048,薬物誘発性骨粗鬆症・脊椎病的骨折あり
8844303,M805,特発性骨粗鬆症・病的骨折あり
8844237,M805,若年性骨粗鬆症・病的骨折あり
8850293,M8050,特発性骨粗鬆症・多発病的骨折あり
8850220,M8050,若年性骨粗鬆症・多発病的骨折あり
8850289,M8051,特発性骨粗鬆症・鎖骨病的骨折あり
8850216,M8051,若年性骨粗鬆症・鎖骨病的骨折あり
8850290,M8052,特発性骨粗鬆症・上腕病的骨折あり
8850217,M8052,若年性骨粗鬆症・上腕病的骨折あり
8850292,M8053,特発性骨粗鬆症・前腕病的骨折あり
8850219,M8053,若年性骨粗鬆症・前腕病的骨折あり
8850294,M8055,特発性骨粗鬆症・大腿部病的骨折あり
8850288,M8055,特発性骨粗鬆症・骨盤部病的骨折あり
8850221,M8055,若年性骨粗鬆症・大腿部病的骨折あり
8850215,M8055,若年性骨粗鬆症・骨盤部病的骨折あり
8850287,M8056,特発性骨粗鬆症・下腿部病的骨折あり
8850214,M8056,若年性骨粗鬆症・下腿部病的骨折あり
8850295,M8058,特発性骨粗鬆症・肋骨病的骨折あり
8850291,M8058,特発性骨粗鬆症・脊椎病的骨折あり
8850222,M8058,若年性骨粗鬆症・肋骨病的骨折あり
8850218,M8058,若年性骨粗鬆症・脊椎病的骨折あり
8844345,M808,老年性骨粗鬆症・病的骨折あり
8848173,M8080,老年性骨粗鬆症・多発病的骨折あり
8850364,M8081,老年性骨粗鬆症・鎖骨病的骨折あり
8850365,M8082,老年性骨粗鬆症・上腕病的骨折あり
8848172,M8083,老年性骨粗鬆症・前腕病的骨折あり
8848174,M8085,老年性骨粗鬆症・大腿部病的骨折あり
8848170,M8085,老年性骨粗鬆症・骨盤部病的骨折あり
8850363,M8086,老年性骨粗鬆症・下腿部病的骨折あり
8850366,M8088,老年性骨粗鬆症・肋骨病的骨折あり
8848171,M8088,老年性骨粗鬆症・脊椎病的骨折あり
8844308,M809,二次性骨粗鬆症・病的骨折あり
8844209,M809,骨粗鬆症・病的骨折あり
8850302,M8090,二次性骨粗鬆症・多発病的骨折あり
8844207,M8090,骨粗鬆症・多発病的骨折あり
8850298,M8091,二次性骨粗鬆症・鎖骨病的骨折あり
8850186,M8091,骨粗鬆症・鎖骨病的骨折あり
8850299,M8092,二次性骨粗鬆症・上腕病的骨折あり
8850187,M8092,骨粗鬆症・上腕病的骨折あり
8850301,M8093,二次性骨粗鬆症・前腕病的骨折あり
8844206,M8093,骨粗鬆症・前腕病的骨折あり
8850303,M8095,二次性骨粗鬆症・大腿部病的骨折あり
8850297,M8095,二次性骨粗鬆症・骨盤部病的骨折あり
8844208,M8095,骨粗鬆症・大腿部病的骨折あり
8844204,M8095,骨粗鬆症・骨盤部病的骨折あり
8850296,M8096,二次性骨粗鬆症・下腿部病的骨折あり
8850185,M8096,骨粗鬆症・下腿部病的骨折あり
8850304,M8098,二次性骨粗鬆症・肋骨病的骨折あり
8850300,M8098,二次性骨粗鬆症・脊椎病的骨折あり
8844274,M8098,脊椎骨粗鬆症・病的骨折あり
8844167,M8098,頚椎骨粗鬆症・病的骨折あり
8850188,M8098,骨粗鬆症・肋骨病的骨折あり
8844205,M8098,骨粗鬆症・脊椎病的骨折あり
8849536,M8099,重症骨粗鬆症
8849529,M8099,骨折の危険性の高い骨粗鬆症
7330028,M8109,閉経後骨粗鬆症
8840913,M8119,卵巣摘出術後骨粗鬆症
8838912,M8129,廃用性骨粗鬆症
8835331,M8139,術後吸収不良性骨粗鬆症
7330026,M8149,ステロイド性骨粗鬆症
8840727,M8149,薬物誘発性骨粗鬆症
8848091,M8159,特発性若年性骨粗鬆症
8844302,M8159,特発性骨粗鬆症
7330023,M8159,若年性骨粗鬆症
7330013,M8168,脊椎骨粗鬆症
7330020,M8168,頚椎骨粗鬆症
7330024,M8189,老年性骨粗鬆症
7330029,M8199,二次性骨粗鬆症
7330006,M8199,骨粗鬆症
8834092,M8309,産褥性骨軟化症
2682009,M8319,老人性骨軟化症
8835332,M8329,術後吸収不良性骨軟化症
8848002,M8339,ビタミンＤ欠乏性骨軟化症
8848023,M8349,アルミニウム骨症
8848045,M8359,抗てんかん薬骨軟化症
8848104,M8359,薬剤性骨軟化症
8840461,M8389,ミルクマン症候群
2682003,M8389,人工透析性骨軟化症
2682012,M8389,腫瘍性低リン血症性骨軟化症
2682004,M8398,脊椎骨軟化症
2682002,M8399,骨軟化症
7338020,M8402,上腕骨変形治癒骨折
8835509,M8402,上腕骨頚部変形治癒骨折
7360006,M8403,前腕骨折後変形骨癒合
7338041,M8403,橈骨骨折後変形治癒
8837897,M8404,手外傷後変形治癒
8844647,M8404,手指骨折変形治癒
8848154,M8405,大腿骨骨折変形治癒
8844642,M8405,骨盤骨折変形治癒
7338004,M8406,下腿骨折変形治癒
7338043,M8406,脛骨骨折変形治癒
7338035,M8406,膝蓋骨骨折変形治癒
8849806,M8407,足関節骨折変形治癒
8849756,M8407,趾骨折変形治癒
8831923,M8408,眼窩変形治癒骨折
8832502,M8408,頬骨変形治癒骨折
8839463,M8408,鼻骨変形治癒骨折
7338037,M8409,変形治癒骨折
7338011,M8411,鎖骨偽関節
8835508,M8412,上腕骨偽関節症
8844645,M8413,尺骨偽関節
8844651,M8413,橈骨偽関節
8844646,M8414,手指偽関節
7338013,M8414,手舟状骨偽関節
7338022,M8415,大腿頚部偽関節
7338025,M8415,大腿骨偽関節
7338029,M8415,大腿骨顆上骨折後偽関節
7338026,M8415,大腿骨骨幹部偽関節
7339052,M8415,大腿骨骨折後骨癒合不全
7338003,M8416,下腿偽関節
8832900,M8416,脛骨偽関節症
8850320,M8416,腓骨偽関節
8844644,M8416,膝蓋骨偽関節
8847786,M8416,足関節内果偽関節
8850256,M8416,足関節外果偽関節
8848396,M8417,中足骨偽関節
8850260,M8417,足舟状骨偽関節
8847742,M8417,距骨偽関節
8850207,M8417,踵骨偽関節
8846557,M8418,胸椎偽関節
8846976,M8418,腰椎偽関節
7338008,M8419,偽関節
8838294,M8419,内顆骨折偽関節
8831702,M8419,外顆偽関節症
7339038,M8419,骨癒合不全症
8848814,M8421,鎖骨骨折の遷延癒合
8848818,M8422,上腕骨骨折の遷延癒合
8848816,M8423,尺骨骨折の遷延癒合
8848827,M8423,橈骨骨折の遷延癒合
8848825,M8425,大腿骨骨折の遷延癒合
8848811,M8426,脛骨骨折の遷延癒合
8848876,M8429,骨折の遷延癒合
8847024,M8433,尺骨疲労骨折
8848393,M8434,中手骨疲労骨折
8848386,M8434,第１中手骨疲労骨折
8834137,M8435,坐骨疲労骨折
8847049,M8435,大腿骨疲労骨折
8847047,M8435,大腿骨頚部疲労骨折
8847048,M8435,大腿骨骨幹部疲労骨折
8847050,M8435,恥骨疲労骨折
8230017,M8436,脛骨疲労骨折
8847062,M8436,腓骨疲労骨折
8847053,M8437,中足骨疲労骨折
8847025,M8437,舟状骨疲労骨折
8252020,M8437,行軍骨折
8847028,M8437,踵骨疲労骨折
8070009,M8438,肋骨疲労骨折
7303009,M8439,疲労性骨膜障害
7331016,M8439,疲労骨折
7331008,M8442,上腕骨病的骨折
8847496,M8442,上腕骨近位端病的骨折
8847497,M8442,上腕骨骨幹部病的骨折
8851646,M8445,仙骨脆弱性骨折
7331011,M8445,大腿骨上部病的骨折
8851661,M8445,大腿骨内顆脆弱性骨折
8851658,M8445,大腿骨外顆脆弱性骨折
7331012,M8445,大腿骨病的骨折
8851660,M8445,大腿骨脆弱性骨折
8851659,M8445,大腿骨頚部脆弱性骨折
8851655,M8445,大腿骨頭下脆弱性骨折
8851657,M8445,大腿骨頭脆弱性骨折
7331010,M8445,大腿骨骨幹部病的骨折
8847845,M8445,寛骨臼病的骨折
8851664,M8445,恥骨脆弱性骨折
8851607,M8445,股関節脆弱性骨折
8851608,M8445,骨盤脆弱性骨折
8851603,M8446,脛骨内顆脆弱性骨折
8851602,M8446,脛骨脆弱性骨折
8851601,M8446,脛骨近位端脆弱性骨折
8851681,M8446,膝脆弱性骨折
8851666,M8447,中足骨脆弱性骨折
8851623,M8447,踵骨脆弱性骨折
8837211,M8448,第１・２胸椎病的骨折
8837243,M8448,第２腰椎病的骨折
8837252,M8448,第３腰椎病的骨折
8837257,M8448,第４腰椎病的骨折
8837260,M8448,第５腰椎病的骨折
7331022,M8448,胸椎病的骨折
8851595,M8448,胸椎脆弱性骨折
8851597,M8448,胸腰椎脆弱性骨折
8851645,M8448,脊椎多発脆弱性骨折
7331021,M8448,脊椎病的骨折
7331004,M8448,腰椎病的骨折
8851698,M8448,腰椎脆弱性骨折
7331017,M8449,病的骨折
8848369,M8449,脆弱性骨折
8851675,M8449,軟骨下脆弱性骨折
8833824,M8499,骨の癒合障害
8848068,M8502,上腕骨線維性骨異形成症
8848083,M8505,大腿骨線維性骨異形成症
8848041,M8506,脛骨線維性骨異形成症
8848107,M8508,肋骨線維性骨異形成症
8848087,M8508,頭蓋骨線維性骨異形成症
8848039,M8508,顔面骨線維性骨異形成症
8836069,M8509,線維性骨異形成症
7332014,M8509,線維性骨皮質欠損
8833781,M8519,骨格フッ素沈着症
8840681,M8528,モルガーニ症候群
7333009,M8528,前頭骨内板過骨症
8833348,M8539,硬化性骨炎
8837201,M8549,単発性骨のう腫
8838277,M8559,動脈瘤様骨のう腫
8837023,M8560,多発性骨のう腫
8835520,M8562,上腕骨のう腫
8832907,M8566,脛骨線維性骨炎
8831095,M8567,踵骨のう腫
8831743,M8569,外傷性骨のう胞
8836070,M8569,線維性骨炎
8833823,M8569,骨のう腫
8833818,M8589,骨増殖症
8851833,M8589,骨減少症
8849021,M8605,急性血行性大腿骨骨髄炎
8849020,M8606,急性血行性脛骨骨髄炎
8832335,M8609,急性血行性骨髄炎
8832304,M8616,急性化膿性脛骨骨髄炎
8832332,M8616,急性脛骨骨髄炎
7300008,M8619,急性化膿性骨髄炎
7300002,M8619,急性骨髄炎
8830183,M8629,亜急性骨髄炎
8840367,M8630,慢性多発性骨髄炎
8849049,M8655,慢性血行性大腿骨骨髄炎
8849048,M8656,慢性血行性脛骨骨髄炎
8840340,M8659,慢性血行性骨髄炎
7301014,M8662,肘関節慢性骨髄炎
7301011,M8665,大腿骨慢性化膿性骨髄炎
7301012,M8665,大腿骨慢性骨髄炎
7301002,M8666,下腿骨慢性骨髄炎
7301017,M8666,脛骨慢性化膿性骨髄炎
7301018,M8666,脛骨慢性骨髄炎
8840312,M8669,慢性化膿性骨髄炎
7301015,M8669,慢性骨髄炎
8833804,M8669,骨髄炎後遺症
8839855,M8689,ブロディー骨膿瘍
8833349,M8689,硬化性骨髄炎
7302013,M8689,骨膜骨髄炎
8833813,M8689,骨髄肉芽腫
7302020,M8692,上腕骨骨髄炎
7302024,M8693,前腕骨髄炎
8834507,M8693,尺骨遠位部骨髄炎
7303012,M8693,橈骨骨髄炎
8837581,M8694,中手骨膿瘍
7302055,M8694,指骨炎
7302016,M8694,指骨髄炎
7302044,M8694,母指骨髄炎
8831525,M8694,環指骨髄炎
7302015,M8695,坐骨骨炎
7303007,M8695,大腿骨膜炎
8837318,M8695,大腿骨膿瘍
8837308,M8695,大腿骨骨髄炎
7302033,M8695,恥骨骨炎
7303008,M8695,恥骨骨膜炎
7302036,M8695,腸骨骨髄炎
8833101,M8695,血行性大腿骨骨髄炎
8831044,M8695,開放性大腿骨骨髄炎
7302012,M8695,骨盤化膿性骨髄炎
8831321,M8696,下腿複雑骨折後骨髄炎
7302002,M8696,下腿骨骨髄炎
7302047,M8696,脛骨乳児骨髄炎
7303013,M8696,脛骨骨膜炎
7302046,M8696,脛骨骨髄炎
7302048,M8696,腓骨骨髄炎
8850081,M8696,膝種子骨炎
8834419,M8696,膝蓋骨化膿性骨髄炎
7302043,M8696,膝蓋骨骨髄炎
8833099,M8696,血行性脛骨骨髄炎
8840169,M8697,母趾骨髄炎
7302025,M8697,足部骨髄炎
7302052,M8697,趾骨炎
7302049,M8697,趾骨髄炎
7302007,M8697,距骨骨髄炎
7302053,M8697,踵骨炎
7302050,M8697,踵骨骨髄炎
7309007,M8698,肋骨周囲炎
7302045,M8698,肋骨骨髄炎
7302008,M8698,胸骨骨髄炎
7302038,M8698,頭蓋骨骨髄炎
7302004,M8699,化膿性骨髄炎
7303017,M8699,増殖性骨膜炎
8833218,M8699,嫌気性骨髄炎
8838819,M8699,敗血症性骨髄炎
8834590,M8699,種子骨炎
8833939,M8699,細菌性骨髄炎
8833100,M8699,血行性骨髄炎
8835337,M8699,術後骨髄炎
7302042,M8699,非特異骨髄炎
7303003,M8699,骨周囲炎
7339020,M8699,骨幹炎
7302009,M8699,骨炎
7303004,M8699,骨膜のう炎
8833848,M8699,骨膜下膿瘍
7303005,M8699,骨膜炎
7302014,M8699,骨顆炎
7302010,M8699,骨髄炎
8830117,M8699,ＭＲＳＡ骨髄炎
8844604,M8704,プライザー病
8843752,M8705,特発性大腿骨内顆骨壊死
8838193,M8705,特発性大腿骨頭壊死
8848089,M8706,特発性脛骨内顆骨壊死
7334018,M8706,膝関節特発性骨壊死
8838202,M8709,特発性無菌性壊死
8848071,M8715,ステロイド性大腿骨頭壊死
8850246,M8715,ステロイド性大腿骨顆部壊死
8850245,M8716,ステロイド性膝関節骨壊死
8838191,M8719,特発性ステロイド性骨壊死症
8842049,M8725,外傷性大腿骨頭壊死
8842118,M8729,外傷性骨壊死
7301028,M8735,症候性大腿骨頭壊死
8844538,M8790,多発性骨壊死
8844489,M8792,上腕骨頭壊死
8844459,M8794,手舟状骨壊死
8850270,M8795,大腿骨内顆骨壊死
8837288,M8795,大腿骨壊死
7301027,M8795,大腿骨頭壊死
8850159,M8796,脛骨内顆骨壊死
8850195,M8796,膝関節骨壊死
8844523,M8797,足舟状骨壊死
8844412,M8797,距骨壊死
7334014,M8799,無菌性骨壊死
8833793,M8799,骨壊死
8835820,M8808,頭蓋骨パジェット病
8847870,M8899,若年性骨パジェット病
8833846,M8899,骨パジェット病
8839006,M8900,反射性交感神経性ジストロフィー
7238002,M8900,肩手症候群
8848786,M8900,複合性局所疼痛症候群
8842210,M8900,複合性局所疼痛症候群Ｉ型
8842209,M8900,複合性局所疼痛症候群ＩＩ型
8835831,M8909,ズデック症候群
8833786,M8919,骨端線成長停止
8833847,M8939,骨肥大症
8845151,M8940,胸肋鎖骨肥厚症
8842074,M8949,原発性肥大性骨関節症
8842075,M8949,続発性肥大性骨関節症
8848656,M8949,肥厚性皮膚骨膜症
8838842,M8949,肺性肥厚性骨関節症
8850987,M8950,ゴーハム病
8848683,M8950,リンパ管腫症
8849112,M8951,鎖骨遠位端骨溶解症
8833850,M8959,骨溶解症
8832292,M8969,急性灰白髄炎後骨障害
7339040,M8981,鎖骨痛
8842586,M8983,尺骨突き上げ症候群
8846355,M8985,一過性大腿骨頭萎縮症
7339122,M8986,脛骨痛
8844613,M8987,母趾種子骨障害
8836723,M8987,足根骨萎縮
7339078,M8987,趾骨痛症
7295065,M8987,踵骨痛
7295063,M8987,踵骨骨端部痛
8831712,M8989,外傷後骨膜下骨化
8834795,M8989,小児性皮質性骨増殖症
7339049,M8989,続発性骨萎縮症
7339070,M8989,老人性骨萎縮症
8833802,M8989,骨拘縮
7339030,M8989,骨痛
8833790,M8989,骨萎縮
7339032,M8999,骨内異物残留
7339024,M8999,骨腫瘤
8834134,M9105,坐骨恥骨軟骨結合若年性骨軟骨症
8831515,M9105,寛骨臼骨若年性骨軟骨症
8837469,M9105,恥骨結合若年性骨軟骨症
8837730,M9105,腸骨稜若年性骨軟骨症
7321002,M9115,ペルテス病
8837315,M9115,大腿骨頭若年性骨軟骨症
8840016,M9125,扁平股
8832753,M9135,偽性股関節痛
7323002,M920,パンナー病
8835515,M920,上腕骨小頭若年性骨軟骨症
8835511,M920,上腕骨骨頭若年性骨軟骨症
8839056,M921,バーンズ病
8839854,M921,ブレイルスフォード病
8834508,M921,尺骨下部若年性骨軟骨症
8838033,M921,橈骨頭若年性骨軟骨症
8840568,M922,モークレアー病
8837578,M922,中手骨頭若年性骨軟骨症
8847967,M922,若年者キーンベック病
8834418,M924,膝蓋骨一次中枢若年性骨軟骨症
8851835,M924,膝蓋骨二次中枢若年性骨軟骨症
8834422,M924,膝蓋骨軟骨症
8830992,M925,オスグッド・シュラッター病
8839843,M925,ブラウント病
8838326,M925,内反脛骨
8832720,M925,近位端脛骨若年性骨軟骨症
7325002,M926,ケーラー病
7325017,M926,シーバー病
8837954,M926,ディアツ病
8838939,M926,ハグランド病
8831707,M926,外脛骨若年性骨軟骨症
8836733,M926,足舟状骨若年性骨軟骨症
8832682,M926,距骨若年性骨軟骨症
8834715,M926,踵骨若年性骨軟骨症
8830477,M927,イズラン病
8839795,M927,フライバーグ病
8851852,M927,中足骨若年性骨軟骨症
7325006,M928,足若年性骨軟骨症
8834714,M928,踵骨骨端炎
7324005,M929,下肢若年性骨軟骨症
8835250,M929,若年性骨軟骨症
7322002,M930,大腿骨頭すべり症
7323001,M931,キーンベック病
8839276,M932,肘関節離断性骨軟骨炎
8833744,M932,股関節離断性骨軟骨炎
8839247,M932,膝離断骨軟骨炎
7327011,M932,離断性骨軟骨炎
8845329,M939,上腕骨近位骨端線離開
8845328,M939,上腕骨遠位骨端線離開
7329003,M939,下肢骨軟骨症
8837289,M939,大腿骨遠位骨端線離開
8834574,M939,手根骨骨端炎
8847790,M939,肘頭骨端線閉鎖不全
8832897,M939,脛骨近位骨端線離開
8832905,M939,脛骨骨端線離開
7329018,M939,足関節骨軟骨炎
8833821,M939,骨軟骨症
7336001,M9408,ティーツェ病
7309008,M9408,肋軟骨炎
7309003,M9408,胸部肋軟骨炎
8833968,M9410,再発性多発軟骨炎
8838359,M9429,軟骨軟化症
8838361,M9439,軟骨溶解症
7339134,M9480,多発性軟骨炎
8832903,M9486,脛骨結節部痛
7339075,M9488,肋軟骨肋骨移行部痛
8838354,M9489,軟骨萎縮
7380003,M950,外傷性鼻変形
7481003,M950,外鼻変形
7380004,M950,後天性後鼻孔狭窄
7380005,M950,後天性後鼻孔閉鎖
7380007,M950,斜鼻
7380001,M950,鞍鼻
8838977,M951,花キャベツ状耳
8835829,M952,頭蓋変形
8832127,M952,顔面変形
8833016,M953,頚部変形
7383013,M954,肋骨変形
7383011,M954,肋骨弓変形
8832631,M954,胸壁陥凹
7383002,M954,胸郭変形
8832492,M954,胸骨陥凹
8833838,M955,骨盤の後天性変形
8831597,M960,関節固定術後偽関節
8833849,M960,骨癒合術後偽関節
8837820,M961,椎弓切除後症候群
8840066,M962,放射線照射後脊柱後弯症
8837821,M963,椎弓切除後脊柱後弯症
8835345,M964,術後脊柱前弯症
8840067,M965,放射線照射後脊柱側弯症
8849367,M966,人工肘関節周囲骨折
8847372,M966,人工股関節周囲骨折
8849365,M966,人工肩関節周囲骨折
8847373,M966,人工膝関節周囲骨折
8849366,M966,人工関節周囲骨折
8851169,M968,ヒンジ骨折
8834870,M969,処置後筋骨格障害
8832962,M969,頚椎脱臼術後遺症
8832952,M969,頚椎骨移植術後遺症
8837822,M991,椎骨亜脱臼症
8830254,M992,亜脱臼性神経管狭窄症
8833814,M993,骨性神経管狭窄症
8833165,M994,結合組織性神経管狭窄症
8837817,M995,椎間板性神経管狭窄症
8830255,M996,亜脱臼性椎間孔狭窄症
8833815,M996,骨性椎間孔狭窄症
8850160,M9961,頚椎亜脱臼性椎間孔狭窄症
8850162,M9961,頚椎骨性椎間孔狭窄症
8850150,M9962,胸椎亜脱臼性椎間孔狭窄症
8850153,M9962,胸椎骨性椎間孔狭窄症
8850343,M9963,腰椎亜脱臼性椎間孔狭窄症
8850346,M9963,腰椎骨性椎間孔狭窄症
8837818,M997,椎間板性椎間孔狭窄症
8833166,M997,結合組織性椎間孔狭窄症
8845654,M9971,頚椎椎間板性椎間孔狭窄症
8850161,M9971,頚椎結合組織性椎間孔狭窄症
8845649,M9972,胸椎椎間板性椎間孔狭窄症
8850152,M9972,胸椎結合組織性椎間孔狭窄症
8845737,M9973,腰椎椎間板性椎間孔狭窄症
8850345,M9973,腰椎結合組織性椎間孔狭窄症
7292005,M998,狭窄性神経炎
